{
  "by_memory_count": [
    {
      "baseline_rss_bytes": 434806784.0,
      "embedding_file_bytes": 153728.0,
      "embedding_ms": 2002.2308333333333,
      "faiss_index_file_bytes": 153645.0,
      "index_build_ms": 0.0,
      "index_build_peak_rss_bytes": 491513173.3333333,
      "index_loaded_rss_bytes": 491623765.3333333,
      "memory_count": 100,
      "memory_file_bytes": 12049.0,
      "memory_write_ms": 2002.2308333333333,
      "metadata_file_bytes": 50086.0,
      "storage_total_bytes": 369508.0
    },
    {
      "baseline_rss_bytes": 434806784.0,
      "embedding_file_bytes": 768128.0,
      "embedding_ms": 9616.728233333333,
      "faiss_index_file_bytes": 768045.0,
      "index_build_ms": 0.0,
      "index_build_peak_rss_bytes": 496885760.0,
      "index_loaded_rss_bytes": 497329493.3333333,
      "memory_count": 500,
      "memory_file_bytes": 61119.0,
      "memory_write_ms": 9616.728233333333,
      "metadata_file_bytes": 251156.0,
      "storage_total_bytes": 1848448.0
    },
    {
      "baseline_rss_bytes": 434806784.0,
      "embedding_file_bytes": 1536128.0,
      "embedding_ms": 18992.54046666667,
      "faiss_index_file_bytes": 1536045.0,
      "index_build_ms": 0.0,
      "index_build_peak_rss_bytes": 504629930.6666667,
      "index_loaded_rss_bytes": 504804693.3333333,
      "memory_count": 1000,
      "memory_file_bytes": 122459.0,
      "memory_write_ms": 18992.54046666667,
      "metadata_file_bytes": 502496.0,
      "storage_total_bytes": 3697128.0
    },
    {
      "baseline_rss_bytes": 434806784.0,
      "embedding_file_bytes": 3072128.0,
      "embedding_ms": 38290.38036666667,
      "faiss_index_file_bytes": 3072045.0,
      "index_build_ms": 0.0,
      "index_build_peak_rss_bytes": 517768533.3333333,
      "index_loaded_rss_bytes": 517840896.0,
      "memory_count": 2000,
      "memory_file_bytes": 245131.0,
      "memory_write_ms": 38290.38036666667,
      "metadata_file_bytes": 1005168.0,
      "storage_total_bytes": 7394472.0
    }
  ],
  "log_file_bytes": 322485442
}